,title,link,create_time
0,â€œè´è¶â€å°†äºä»Šæ—¥ä¸­åˆå‰åäºŒæ¬¡ç™»é™†ï¼å‡ºè¡Œè¦æ³¨æ„â†’,http://mp.weixin.qq.com/s?__biz=MjM5OTgwOTQ2NQ==&mid=2650861276&idx=1&sn=c0647dacd4c5a22a0be087b3322cbc7c&chksm=bcc1960a8bb61f1c3793220740ed12ac010e49b2246876fc8695bba26149914fcf91704dd8b1#rd,2025-06-14 12:21:43
1,ä½›å±±å æ»˜é¾™èˆ¹æ¼‚ç§»ç»§ç»­å¼€é£™ï¼æœ€å…¨æ”»ç•¥â†’,http://mp.weixin.qq.com/s?__biz=MjM5OTgwOTQ2NQ==&mid=2650861276&idx=2&sn=08844325c703aa1677a1390ba0f9b02e&chksm=bcc1960a8bb61f1c4b9613ec9ef72c0b3fd0d4b770bb2995ba5aa5df23aa1b6352c1ee4ff4a6#rd,2025-06-14 12:21:43
2,éé—æ­£é’æ˜¥ï¼2025å¹´â€œæ–‡åŒ–å’Œè‡ªç„¶é—äº§æ—¥â€ä½›å±±ä¸»ä¼šåœºæ´»åŠ¨å¯åŠ¨,http://mp.weixin.qq.com/s?__biz=MjM5OTgwOTQ2NQ==&mid=2650861109&idx=1&sn=db8cffa65e73e8c502166825a7323ce1&chksm=bcc196e38bb61ff54c48dbf6064161c4374bcd2b0377a617a5b5f51aee883ebb1d5ed567b613#rd,2025-06-13 17:31:47
3,å æ»˜é¾™èˆ¹æ¼‚ç§»å¤§èµ›èµ›äº‹å»¶æœŸï¼,http://mp.weixin.qq.com/s?__biz=MjM5OTgwOTQ2NQ==&mid=2650861109&idx=2&sn=cd7938cb05c4cf3f80cf3a854273ac6a&chksm=bcc196e38bb61ff5cbdddd1e7b8b9db038dffb23535a62e85a3160a3f182e718c215ad11d2fa#rd,2025-06-13 17:31:47
4,TVBå‰§é›†ã€Šåˆ‘ä¾¦12ã€‹å–æ™¯äºä½›å±±ï¼å½±è§†å‰§ååœºé¢å±…ç„¶éƒ½åœ¨è¿™é‡Œâ†’,http://mp.weixin.qq.com/s?__biz=MjM5OTgwOTQ2NQ==&mid=2650860953&idx=1&sn=3f7413413cba01f4f4b57bc448917cbf&chksm=bcc1954f8bb61c595c48b0b25fcb501bf5e1bd0a9c4ed46e0ca034d20e08bbbbcd0d37b7d34e#rd,2025-06-12 17:30:32
5,é«˜è€ƒç”Ÿä¸“å±ï¼2000å¼ å…¬ç›Šç¥¨å…è´¹é¢†+5æŠ˜ä¼˜æƒ è´­ï¼Œä½›å±±ç”¨è‰ºæœ¯å® ä½ ï¼,http://mp.weixin.qq.com/s?__biz=MjM5OTgwOTQ2NQ==&mid=2650860953&idx=2&sn=6c7abcf4bdae275fc86377fddb8b1f82&chksm=bcc1954f8bb61c5996d1b7c889274f32c42b83fca2da1d051e5e8d8537fd2a7e8e98a4693f87#rd,2025-06-12 17:30:32
6,åœ¨ä½›å±±ï¼ŒæŠŠâ€œæ¾å¼›æ„Ÿâ€ç©å‡ºèŠ±ï¼æ½®äººç§è—çš„Citywalkè·¯çº¿ï¼Œæ”¶è—â†’,http://mp.weixin.qq.com/s?__biz=MjM5OTgwOTQ2NQ==&mid=2650860921&idx=1&sn=bdb7b3aa64a48a0aeb9654429d5788a4&chksm=bcc195af8bb61cb9754bfcde452a8101a6e975bcea9fe74d834286f9778fd1482721c8464bbb#rd,2025-06-11 18:01:39
7,æ¥ä½›å±±é¡ºå¾·ï¼Œå®šæ ¼ä½ çš„é’æ˜¥é™å®šLiveï¼,http://mp.weixin.qq.com/s?__biz=MjM5OTgwOTQ2NQ==&mid=2650860921&idx=2&sn=ac9c4474decbce802502b9e31c7a0f8c&chksm=bcc195af8bb61cb9f64667cc922e7747f00602d84cf037235348aa5b68a389429181876cc1c4#rd,2025-06-11 18:01:39
8,å…ç¥¨ï¼æ‰“æŠ˜ï¼ä½›å±±å¤šæ™¯åŒºç¦åˆ©é€Ÿé€’ğŸ¤©,http://mp.weixin.qq.com/s?__biz=MjM5OTgwOTQ2NQ==&mid=2650860913&idx=1&sn=d2660c9d3a836bea9894cae08761b24b&chksm=bcc195a78bb61cb1044fad80beaa37cc27627642dc6350ece66607f842974a94a8a4e51b0ed6#rd,2025-06-10 17:45:01
9,ä½›å±±é«˜æ˜ã€Œç»¿é‡ä»™è¸ªã€æ…¢ç”Ÿæ´»æŒ‡å—ï¼7åº§æ²»æ„ˆç³»å±±æ—æ‰¿åŒ…ä½ çš„æ¾å¼›æ„Ÿï½,http://mp.weixin.qq.com/s?__biz=MjM5OTgwOTQ2NQ==&mid=2650860913&idx=2&sn=0d6a371da5514a2ffa197a64d3cafe38&chksm=bcc195a78bb61cb153c20918b1206b6043e4f6cfa721e6e07e254020587db78b3b2b83b5496d#rd,2025-06-10 17:45:01
10,ç»ç¾ï¼ä½›å±±è¤ç«è™«ç§˜å¢ƒæ”»ç•¥ï¼Œæµªæ¼«å€¼æ‹‰æ»¡â†’,http://mp.weixin.qq.com/s?__biz=MjM5OTgwOTQ2NQ==&mid=2650860869&idx=1&sn=684194f236bb4b6d8e877b2f40b49a46&chksm=bcc195938bb61c859b96c495d1859c1623f0a9345be1169b0fd041214db7763f1608a860eb48#rd,2025-06-09 15:55:47
11,ä¸“å±å¤å¤©çš„æ—¶ä»¤ç¾é£Ÿï¼ä½›å±±æœ—æ²™æ²™å£ç¬‹è§…é£ŸæŒ‡å—get,http://mp.weixin.qq.com/s?__biz=MjM5OTgwOTQ2NQ==&mid=2650860869&idx=2&sn=ca4fde763e83d56829a786c2ca79b97a&chksm=bcc195938bb61c8512da91d0493ed43d4ddcade92a2391922cf03db1d65851f5ee5123865a32#rd,2025-06-09 15:55:47
12,ğŸ“·è¢«ä½›å±±è¿™ç‰‡æ©™è‰²èŠ±æµ·è¿·å€’äº†ï¼Œå‘¨æœ«å‡ºå‘,http://mp.weixin.qq.com/s?__biz=MjM5OTgwOTQ2NQ==&mid=2650860849&idx=1&sn=e64706369c8b58f6b390dad99b62d6cb&chksm=bcc195e78bb61cf118c215971d2277ab2d0be387910640e8fbc0f8be91c7c56d4356881637c2#rd,2025-06-08 00:16:21
13,ä¸€çœ¼æƒŠè‰³ï¼ä½›å±±èµè·åœ°å›¾æ¥å•¦ğŸ¤©,http://mp.weixin.qq.com/s?__biz=MjM5OTgwOTQ2NQ==&mid=2650860568&idx=1&sn=95d1e1d55ec64af25b27e9bd5b8339b7&chksm=bcc194ce8bb61dd8b14bb9c65fc226138e49a404d5f0628cbca5023a3b785b805f1d54b356d4#rd,2025-06-07 10:05:14
14,å¸¦å¨ƒ/æƒ…ä¾£/æ–‡è‰ºé’å¹´å¿…å†²ï¼ä½›å±±éé—æ¸¸ä¿å§†çº§æ”»ç•¥,http://mp.weixin.qq.com/s?__biz=MjM5OTgwOTQ2NQ==&mid=2650860556&idx=1&sn=550fe603fde59954e5c191d1e2463aac&chksm=bcc194da8bb61dcce9456423d7cc119a6b7acabc58c1bc07e653e3b44ceaeb719d9f24cc1340#rd,2025-06-06 18:02:36
15,ä½›å±±å„¿ç«¥å…¬å›­+1ğŸ¤©è¶…8ä¸‡ã¡ä»»å¨ƒæ’’æ¬¢ï¼Œæ”¾ç”µæ‰“å¡èµ°èµ·ï¼,http://mp.weixin.qq.com/s?__biz=MjM5OTgwOTQ2NQ==&mid=2650860556&idx=2&sn=855ceb2f7d68f63a30aaabe55d686062&chksm=bcc194da8bb61dccfccd80dcb4df107760db5289fb51084d4f5b076bc1f36fc0b4a9719b5bb5#rd,2025-06-06 18:02:36
16,ä¸ç”¨å‡ºè¿œé—¨ï¼åœ¨ä½›å±±å°±èƒ½ç©éâ€œå±±ã€æºªã€æ°´ã€æ—â€ğŸ’¦,http://mp.weixin.qq.com/s?__biz=MjM5OTgwOTQ2NQ==&mid=2650860513&idx=1&sn=32da76020192c5cfc54c418ef3f2551b&chksm=bcc193378bb61a219d7b5c7ed949c8a525674e77c68d8443b95dc6fd9ea82bc617cffe85a9c2#rd,2025-06-05 17:34:03
17,é«˜æ¸©é¢„è­¦ï¼ä½›å±±äººé è¿™8ç§ã€Œæ¶ˆæš‘ç¥å™¨ã€æ’‘è¿‡å¤å¤©,http://mp.weixin.qq.com/s?__biz=MjM5OTgwOTQ2NQ==&mid=2650860513&idx=2&sn=379aa2f1712f83cf20bdffd78dda1e1e&chksm=bcc193378bb61a218c98c665cc410c943f5af29c0acd8f7799ec2c3585a76cda70d7e266e6ac#rd,2025-06-05 17:34:03
18,å¾’æ­¥æ¼‚æµè§‚è¤ï¼é€Ÿæ¥æ‰“å¡ä½›å±±ç”Ÿæ€å®è—åœ°â†’,http://mp.weixin.qq.com/s?__biz=MjM5OTgwOTQ2NQ==&mid=2650860476&idx=1&sn=7d1d7bc9822da6df7fc35c9f1e458389&chksm=bcc1936a8bb61a7c89712a7977e45f163709ed8bb4ecb5a1ee75d0d11e76fab7fbf57559570d#rd,2025-06-04 17:44:45
19,è¥¿æ±Ÿè½æ—¥ã€å¤æ‘çƒŸç«ã€æ£®æ°§ç§˜å¢ƒâ€¦â€¦ä½›å±±ç§è—çš„8ä¸ªæ²»æ„ˆç³»è§’è½ï¼,http://mp.weixin.qq.com/s?__biz=MjM5OTgwOTQ2NQ==&mid=2650860476&idx=2&sn=a3c0ba6ea036ff7609f5db3127263645&chksm=bcc1936a8bb61a7c701ffa2c9e9afe1857646ce0bd06ae4c1197eb6559db709f391559b6e644#rd,2025-06-04 17:44:45
20,ä½›å±±å‡­ä»€ä¹ˆç«ä¸Šå…¨å›½çƒ­æœï¼Ÿé¾™èˆŸç‹‚é£™+æ–‡æ—…ç››å®´ï¼Œç«¯åˆå‡æœŸå¤ªç‡ƒäº†ï¼,http://mp.weixin.qq.com/s?__biz=MjM5OTgwOTQ2NQ==&mid=2650860429&idx=1&sn=f007289bd65512a6c5a1adc7ee1a1c55&chksm=bcc1935b8bb61a4da614dced68b753e5b90c4d0a36a2420ffa0592f37b2108f96f9072b7d7a0#rd,2025-06-03 12:34:50
21,ç°é‡‘å¤§å¥–ï¼é¦–å±Šè°·å¾·ä¹å…‹æ­Œæ‰‹å¤§èµ›å¯å¹•ï¼Œæ˜æ˜Ÿã€é‡‘ç‰Œåˆ¶ä½œäººåŠ©ä½ æ˜Ÿè€€å…¨å›½,http://mp.weixin.qq.com/s?__biz=MjM5OTgwOTQ2NQ==&mid=2650860429&idx=2&sn=953bcd38991dc0252c6ef41edd7fc2c6&chksm=bcc1935b8bb61a4d92074613f15c18c12c430f8c1ed3d2d048a5a8dc8b16ab8dd4b89be3aec6#rd,2025-06-03 12:34:50
22,ç¡¬æ ¸åˆå¥½ç©ï¼â€œä½›å±±åˆ¶é€ â€å·¥ä¸šæ¸¸æ”»ç•¥æ¥å•¦,http://mp.weixin.qq.com/s?__biz=MjM5OTgwOTQ2NQ==&mid=2650860376&idx=1&sn=26ec9c670c6903fc3a7d7dff27d1666d&chksm=bcc1938e8bb61a982e1bd7b0e28501e2d8c660fce5643d27fce9443604e85e92f30934c86674#rd,2025-06-02 00:52:22
23,ç‡ƒç‚¸äº†ï¼å æ»˜é¾™èˆ¹æ¼‚ç§»ç²¾å½©å¼€é£šï¼Œç›´æ’­é”å®šâ†’,http://mp.weixin.qq.com/s?__biz=MjM5OTgwOTQ2NQ==&mid=2650860352&idx=1&sn=526dc34aa457a95f66ed9d860cbfce36&chksm=bcc193968bb61a80a137bb36c761dcdecae83d538beca2fbbf9f9d67d5a82ebd87099d78c935#rd,2025-06-01 10:09:09
24,â€œå…­ä¸€â€é›å¨ƒå¥½å»å¤„ï¼ä½›å±±æœ€ç¾å„¿ç«¥å…¬å›­ç­‰ä½ æ¥æ‰“å¡,http://mp.weixin.qq.com/s?__biz=MjM5OTgwOTQ2NQ==&mid=2650860352&idx=2&sn=f3652a6f8f34dbdd9ce01bea2c2bf0b6&chksm=bcc193968bb61a80083d14f554a3a4d23ebb0493bec6f15245bb45d6ca7b20f2c18d984f7d35#rd,2025-06-01 10:09:09
25,å…¨ç¨‹ç›´æ’­ï¼å æ»˜é¾™èˆ¹æ¼‚ç§»å¤§æˆ˜ä»Šæ—¥å¼€é£™ï¼é€ä¸Šé€›åƒæ”»ç•¥â†’,http://mp.weixin.qq.com/s?__biz=MjM5OTgwOTQ2NQ==&mid=2650860333&idx=1&sn=ad414b57b58b96b77a02b80f9225cfe0&chksm=bcc193fb8bb61aed723b460b8e6879d2774dad2ff3f43dcc9572fa31202cc7550d14cbd5250c#rd,2025-05-31 09:36:15
26,ä½›å±±å¬å¼€2025â€œå››å±±ä¸¤æ±Ÿâ€æ–‡æ—…ç”Ÿæ€å¤§ä¼šï¼Œæé€Ÿå»ºè®¾â€œå››å±±ä¸¤æ±Ÿâ€æ–‡æ—…ç²¾å“åŒºï¼,http://mp.weixin.qq.com/s?__biz=MjM5OTgwOTQ2NQ==&mid=2650860288&idx=1&sn=6ad7db5951914ffd5a06e46d4090dd99&chksm=bcc193d68bb61ac047cd3ca68a5c7fc71f6a3456c5a2fc48be24d26bd2b548a60d211f49050a#rd,2025-05-30 18:08:28
27,å®ï¼æ‚¨æœ‰ä¸€ä»½ç«¯åˆå‡æœŸå‡ºæ¸¸å®‰å…¨æŒ‡å—è¯·æŸ¥æ”¶,http://mp.weixin.qq.com/s?__biz=MjM5OTgwOTQ2NQ==&mid=2650860288&idx=2&sn=4e322b32d8cd9c58b9f0a9f1f4c5ade5&chksm=bcc193d68bb61ac0ddd977492da05578d8dd8b9fa3dab6c53b8e6d306340274f6c0514535cff#rd,2025-05-30 18:08:28
28,æå‰éœ¸ä½ï¼ä½›å±±äº”åŒºé¾™èˆŸèµ›äº‹è¡¨ï¼Œæ”¶è—â†’,http://mp.weixin.qq.com/s?__biz=MjM5OTgwOTQ2NQ==&mid=2650860245&idx=1&sn=0344443120170e79e7c39f1af49e002b&chksm=bcc192038bb61b153c3d9713147b410308f0d8c80ed9b0d81c491856fedc584117889acf2ad4#rd,2025-05-29 19:55:14
29,ç™¾å¹´è¶³çƒå†è·ƒè¿ ï¼ä½›å±±å½©ä¹¦ç¬¼å¼è¶³çƒè®©æ¢¦æƒ³ç ´â€œç¬¼â€è€Œå‡º,http://mp.weixin.qq.com/s?__biz=MjM5OTgwOTQ2NQ==&mid=2650860245&idx=2&sn=d15ac4e126ac73666ebd1823f1606803&chksm=bcc192038bb61b158bf1632d0543022990f967545d1f286e0d197c69d4f5b68b9644380a0cca#rd,2025-05-29 19:55:14
30,ç«¯åˆæ¥ä½›å±±èƒ½ç©å‡ºå¤šå°‘èŠ±æ ·ï¼Ÿç‚¹å¼€è¿™ç¯‡æ”»ç•¥å°±çŸ¥é“â†’,http://mp.weixin.qq.com/s?__biz=MjM5OTgwOTQ2NQ==&mid=2650860140&idx=1&sn=bf2711b1b9be3f09c8795c014de0f1cb&chksm=bcc192ba8bb61baceef01cb46ebb5ad5548fa5749ecdc351c11d886d698dc2706ebdc3ce3608#rd,2025-05-28 17:06:30
31,â€œå››å±±ä¸¤æ±Ÿâ€å¼€æ–°å±€ï¼ŒçƒŸç«å¸‚é›†è¿‡ç«¯åˆï¼ä½›å±±è¿™åœºç››ä¼šå³å°†å¯å¹•,http://mp.weixin.qq.com/s?__biz=MjM5OTgwOTQ2NQ==&mid=2650860140&idx=2&sn=99d84d83de3b4649f9269ecb1e369895&chksm=bcc192ba8bb61bac2504614cc0d0da2969371f735969e2466a69ff4d80537a8223ba92c83a4d#rd,2025-05-28 17:06:30
32,ä¸­å›½å›½å®¶åœ°ç†å…¨å›½é¦–å±•ğŸ¤—ä¸å‡ºä½›å±±ï¼Œçœ‹éç¥å¥‡åŠ¨ç‰©ä¸¨é€ç¦åˆ©,http://mp.weixin.qq.com/s?__biz=MjM5OTgwOTQ2NQ==&mid=2650860081&idx=1&sn=dce54b53d30f7f61e87a6c5b3147c30f&chksm=bcc192e78bb61bf16e3ad7e0c46499447f91caa0c12d26bc2db40252d44a88c677a7d6eb3281#rd,2025-05-27 17:22:07
33,ç«¯åˆå°½æƒ…ç©ï¼ä½›å±±åœ°é“å»¶é•¿è¿è¥æœåŠ¡æ—¶é—´,http://mp.weixin.qq.com/s?__biz=MjM5OTgwOTQ2NQ==&mid=2650860081&idx=2&sn=f7b0043e9bedd961b8f508eccf4319d1&chksm=bcc192e78bb61bf1d47eebd16efe453d07b7a9fb55929a894c378c67df639322f0bf59338d8e#rd,2025-05-27 17:22:07
34,ç«¯åˆå‡æœŸï¼Œå°æ¸¸è¯·ä½ å»æ°´ä¸Šä¹å›­ç©ï¼,http://mp.weixin.qq.com/s?__biz=MjM5OTgwOTQ2NQ==&mid=2650860045&idx=1&sn=4afbeff9403342466761367bccf2f0aa&chksm=bcc192db8bb61bcd0e413096e645d6c4254b6d1e1c3654fbe5240db9665e8af0d4dd5665ebfc#rd,2025-05-26 18:21:57
35,æ±‚ç¾å›¾æ±‚è§†é¢‘ï¼è¯šé‚€ä½ ä¸€èµ·åˆ†äº«ä½›å±±ç¾å¥½ğŸ¤©,http://mp.weixin.qq.com/s?__biz=MjM5OTgwOTQ2NQ==&mid=2650860045&idx=2&sn=c78a9fd997273c17c00f825037123ac4&chksm=bcc192db8bb61bcd72c912e7644c33641289b007ffa357ba0c02a8dd9983abd66dc282cabdd7#rd,2025-05-26 18:21:57
36,è·Ÿç€æ¨ç´«ç¼æ¸¸ä½›å±±é¡ºå¾·ï¼Œæ„Ÿå—â€œå²­å—åäºŒæ—¶è¾°â€ï¼,http://mp.weixin.qq.com/s?__biz=MjM5OTgwOTQ2NQ==&mid=2650860019&idx=1&sn=8a40faa51b8a3878506b531cc3f8b902&chksm=bcc191258bb61833d9161d18581381b5aa7f3fafb23d01f9034878b3b56f71fe01ee5afabd4f#rd,2025-05-25 09:56:20
37,æ¥ä½›å±±åƒç‰›è‚‰ğŸ¥¢ä»å± å®°åœºç§’åˆ°é¤æ¡Œï¼å¤ªé²œäº†~,http://mp.weixin.qq.com/s?__biz=MjM5OTgwOTQ2NQ==&mid=2650860009&idx=1&sn=df19f45e0947f6fe56408d0061b8a7b9&chksm=bcc1913f8bb6182977703183b9530aa0371f0a7cda52ab80286c37db75022a71e7e7e9f42d0e#rd,2025-05-24 09:46:01
38,ç«¯åˆå¼€æ‰’ï¼å æ»˜é¾™èˆ¹æ¼‚ç§»æ”»ç•¥+æ—¥é£Ÿè®°åŒæ¬¾é¾™èˆ¹é¥­ï¼Œå¿«æ”¶è—â†’,http://mp.weixin.qq.com/s?__biz=MjM5OTgwOTQ2NQ==&mid=2650860001&idx=1&sn=7d444d852f13eebb6426cb1844a8cfdb&chksm=bcc191378bb61821e78a7d150b3035e4dde8357a4b5efa7871a0a9208f3feda059383f929e73#rd,2025-05-23 17:01:19
39,é…·ï¼ä½›å±±åŠŸå¤«å†â€œåœˆç²‰â€å¤–å›½å‹äººï¼,http://mp.weixin.qq.com/s?__biz=MjM5OTgwOTQ2NQ==&mid=2650860001&idx=2&sn=82d6bf40e0c9ef5aa5921c299c7cd926&chksm=bcc191378bb61821b1703d8edc6d688a2cbe8973f35cc0e651eff463922573a0513093cd5cef#rd,2025-05-23 17:01:19
40,é¡¶å°–åˆ›ä½œé˜µå®¹+å®åŠ›æ´¾æ¼”å‘˜ï¼åŸåˆ›éŸ³ä¹å‰§ã€Šè®©ä¸–ç•Œçœ‹è§ã€‹å¼€ç¥¨,http://mp.weixin.qq.com/s?__biz=MjM5OTgwOTQ2NQ==&mid=2650859984&idx=1&sn=104882b3dce86f319a1bbe2313be3e44&chksm=bcc191068bb618102592306c9ad44919043d6684c0a9a4ab4fae25fbce42818cacd1fc62c7bc#rd,2025-05-22 16:52:25
41,å…æ‘Šä½è´¹ï¼â€œä½›å±±æŒé—¨äººâ€æ±Ÿæ¹–å¸‚é›†å¼€å¯æ‹›å‹Ÿï¼Œ100ä¸ªé»„é‡‘æ‘Šä½ç­‰ä½ æ¥,http://mp.weixin.qq.com/s?__biz=MjM5OTgwOTQ2NQ==&mid=2650859984&idx=2&sn=b80bc32f1b6a4beae550a22d6a6dcc7d&chksm=bcc191068bb618107d095f234355c1544153f3f6ef8b1b2b347a6e92bd8389b873c6e4b63ee1#rd,2025-05-22 16:52:25
42,æå…‹å‹¤ã€æµ·æ¥é˜¿æœ¨å³å°†å¼€å”±ï¼ä½›å±±åƒä½æ¸¸æ”»ç•¥â†’,http://mp.weixin.qq.com/s?__biz=MjM5OTgwOTQ2NQ==&mid=2650859973&idx=1&sn=f843fee7148f5596d01b06140ffaca6b&chksm=bcc191138bb61805b5632815caa74923f0cd1c7f86c8e908145cd91ae58c437a39834f42ee89#rd,2025-05-21 17:50:39
43,5æœˆ23æ—¥ä½›å±±äº‘ç§€å±±ä½“è‚²åœºå¼€æ³¢ï¼åäº”è¿è¶³çƒèµ›æœ€æ–°èµ›ç¨‹ã€é¢„çº¦åŠæ³•â†’,http://mp.weixin.qq.com/s?__biz=MjM5OTgwOTQ2NQ==&mid=2650859973&idx=2&sn=8b752795b879457beaa639b35ba732ab&chksm=bcc191138bb61805c9889c5100c810b772778377ac1e5138bad197197c5e10aac26988f65aee#rd,2025-05-21 17:50:39
44,æƒ³å’Œå¿ƒçˆ±çš„TAç•™ä¸‹éš¾å¿˜å›å¿†ï¼Ÿæ¥ä½›å±±å§ï¼,http://mp.weixin.qq.com/s?__biz=MjM5OTgwOTQ2NQ==&mid=2650859899&idx=1&sn=9158b1f4cfd72ef1c5b4e0b6ee0e6036&chksm=bcc191ad8bb618bb5c927b0e143681de1791ecbddb045ec8a9f8a0a292b8853d7a404d130e70#rd,2025-05-20 17:06:57
45,å–œè¿å›½å­—å·ä½“è‚²ç››äº‹ï¼ä¸–çºªè²å‡çº§å½’æ¥ï¼Œå…¨æ–°ç¯®çƒåœºé™æ—¶å…è´¹ï¼,http://mp.weixin.qq.com/s?__biz=MjM5OTgwOTQ2NQ==&mid=2650859899&idx=2&sn=e25e0eec7681cccf3bf9c54e091592dd&chksm=bcc191ad8bb618bb39e1c1eaa1e4790c716f3ec9e75d58be04a6fbb3c48c9341a904804f76a8#rd,2025-05-20 17:06:57
46,ä¸€é”®æ”¶è—ã€Œå››å±±ä¸¤æ±Ÿã€æ‰“å¡åœ°å›¾ï¼Œä½›å±±ä¸‡ç§é£æƒ…ç­‰ä½ è§£é”ï¼,http://mp.weixin.qq.com/s?__biz=MjM5OTgwOTQ2NQ==&mid=2650859854&idx=1&sn=fcdcc4264ae05f65b5723b3d317cb22c&chksm=bcc191988bb6188e7df46c2cad80db31caf11c82afc89c011ec17d9fbe48042323c39dae784b#rd,2025-05-19 16:44:25
47,é¦–å±Šä½›å±±â€œå››å±±ä¸¤æ±Ÿâ€é£é‡‡å¤§èµ›å¼€å§‹æŠ•ç¥¨ï¼Œå¿«æ¥pickæ–‡æ—…ç²¾å“é•‡æ‘ï¼,http://mp.weixin.qq.com/s?__biz=MjM5OTgwOTQ2NQ==&mid=2650859854&idx=2&sn=4388f9916def1b6f64539fba089b8148&chksm=bcc191988bb6188e1f73e93745d2b80049f95e0fb70bb09ecba3af629761a8a47a89f0bb9f26#rd,2025-05-19 16:44:25
48,ç©¿è¶Šæ—¶ç©ºçš„æ–‡åŒ–ç›²ç›’ï¼åœ¨ä½›å±±è¿™äº›åšç‰©é¦†æ‹†å‡ºNç§å²­å—å¥‡é‡,http://mp.weixin.qq.com/s?__biz=MjM5OTgwOTQ2NQ==&mid=2650859840&idx=1&sn=cebcf6bd6f54bfb1bfa81428fdaecbe3&chksm=bcc191968bb6188015591b410709c2ea48f5eb352780116990150bcb4233f33f866aed6aac38#rd,2025-05-18 01:23:12
49,æ‰“å¡ä½›å±±ï¼Œä»è¿™é‡Œå‡ºå‘ï¼,http://mp.weixin.qq.com/s?__biz=MjM5OTgwOTQ2NQ==&mid=2650859837&idx=1&sn=a70a26a87b38edecbae7919e6b41cac0&chksm=bcc191eb8bb618fd1bcf6b0bab228beb37ff5ca095949cb2fa333eff79ec37678910222c8585#rd,2025-05-17 16:45:35
50,æ¼«ç”»å›¾è¯´ä¸¨ç ´åå¹¿ç”µè®¾æ–½ï¼Ÿè¿™æ˜¯è¿æ³•è¡Œä¸ºï¼,http://mp.weixin.qq.com/s?__biz=MjM5OTgwOTQ2NQ==&mid=2650859837&idx=2&sn=d58672bd7676642fb75440549a0b96ab&chksm=bcc191eb8bb618fd6ad10e22293326ac6f23c55e1843cf4a64b6762f9a5d3fd3bb024b6f5ac4#rd,2025-05-17 16:45:35
51,è¿‘200é¡¹æ´»åŠ¨æ‰“é€ æ–‡æ—…å˜‰å¹´åï¼Œä½›å±±â€œ5Â·19â€æ”»ç•¥æ¥å•¦ï¼,http://mp.weixin.qq.com/s?__biz=MjM5OTgwOTQ2NQ==&mid=2650859788&idx=1&sn=e91c775671124c52d4ea0143560dd1e4&chksm=bcc191da8bb618ccd8c6e1f84197eab944e43c0aeddae02b82529aa3f487a88fc026012cb612#rd,2025-05-16 18:33:24
52,æ¼«ç”»å›¾è¯´ä¸¨æ“…è‡ªå®‰è£…å’Œä½¿ç”¨å«æ˜Ÿåœ°é¢æ¥æ”¶è®¾æ–½ï¼Ÿè¯¥ç½šï¼,http://mp.weixin.qq.com/s?__biz=MjM5OTgwOTQ2NQ==&mid=2650859788&idx=2&sn=61d928eff713b5bd32e40b3cd9f91dc7&chksm=bcc191da8bb618ccbf2dbb54842f2e025486a3cf31f413421727188aa10360e45ee4ef314629#rd,2025-05-16 18:33:24
53,ä½›å±±æ¢å›­é™æ—¶å…è´¹å¼€æ”¾ï¼ä¸€èµ·æ¥é¢†ç•¥å²­å—é£æƒ…ğŸ¤©,http://mp.weixin.qq.com/s?__biz=MjM5OTgwOTQ2NQ==&mid=2650859769&idx=1&sn=4314d12ea0f45bc4a272f494b385805c&chksm=bcc1902f8bb61939815155c619ead8166f32e00361e49aa454f9281ca1c88cac765b2916933c#rd,2025-05-15 18:36:48
54,æœ¬å‘¨æœ«ï¼Œè¶…3000å‰‘å®¢å†³æˆ˜ä½›å±±ï¼Œå¥¥è¿å† å†›åé•‡æŒ‡å¯¼ï¼,http://mp.weixin.qq.com/s?__biz=MjM5OTgwOTQ2NQ==&mid=2650859769&idx=2&sn=1b3f1dc17c946c25003dc6b6f4cbf60f&chksm=bcc1902f8bb619399aa60b35ca710ddcf3cd02184a80b5223168e8928704abbcbd6a527822ff#rd,2025-05-15 18:36:48
55,é¿å¼€äººæ½®ï¼ä½›å±±å®è—æ—…è¡Œåœ°æ›å…‰ï¼Œæ”¶å¥½é¾™èˆŸå˜‰å¹´åæ”»ç•¥â†’,http://mp.weixin.qq.com/s?__biz=MjM5OTgwOTQ2NQ==&mid=2650859716&idx=1&sn=2889bb3274d03fee229e36b51ffa0010&chksm=bcc190128bb61904511028cdda34e231a174a07bd84ff4f1ed6153dad626338f6a4eec4ad656#rd,2025-05-14 19:24:08
56,2025å¹´å›½é™…å’æ˜¥æ‹³å¤§èµ›æŠ¥åå¼€å¯ï¼é€Ÿæ¥ä½›å±±é€æ¢¦å›½é™…æ“‚å°,http://mp.weixin.qq.com/s?__biz=MjM5OTgwOTQ2NQ==&mid=2650859716&idx=2&sn=5cb58944dd2c84c85e36bc3bb53862b0&chksm=bcc190128bb6190434ebd315ff2522750a65e6b050e8dd67d17a2c80fad34eb5ef865a521fe6#rd,2025-05-14 19:24:08
57,ğŸŒ¸å¤æ—¥é™å®šï¼ä½›å±±è¿™é‡Œè·èŠ±åˆç»½ï¼Œé€Ÿæ¥èµ´çº¦,http://mp.weixin.qq.com/s?__biz=MjM5OTgwOTQ2NQ==&mid=2650859689&idx=1&sn=9f71bf001ca08cda4ba6215c6b8d96c3&chksm=bcc1907f8bb61969a1a9e61cf169d1e7bd80a897fb5b8d21ed58b5a12178c200d934201b154e#rd,2025-05-13 16:59:09
58,ä½›å±±åŒå…¬å›­æ­ç‰Œï¼æ¥è§£é”å¥èº«ä¼‘é—²å¥½å»å¤„~,http://mp.weixin.qq.com/s?__biz=MjM5OTgwOTQ2NQ==&mid=2650859689&idx=2&sn=69526ea1925f8c97708839a6139d97b8&chksm=bcc1907f8bb619695f13c2eb2685f59889d62fd434452cf04c8164ae31178dd16f357847d6d1#rd,2025-05-13 16:59:09
59,æ­Œæ‰‹å¤§èµ›ã€æ—¥è½éŸ³ä¹èŠ‚ã€é›†ä½“å©šç¤¼â€¦â€¦5æœˆ17-20æ—¥ï¼Œä½›å±±å¥½ç²¾å½©ï¼,http://mp.weixin.qq.com/s?__biz=MjM5OTgwOTQ2NQ==&mid=2650859509&idx=1&sn=1a52797844877f16706b99346352f337&chksm=bcc19f238bb6163507d3103ccfc09207cf750982c35a6383dbfb8ca93a6debefaf93768c9a5d#rd,2025-05-12 11:40:02
60,æŠ¥åå»¶é•¿è‡³5æœˆ16æ—¥ï¼é¦–å±Šä½›å±±â€œå››å±±ä¸¤æ±Ÿâ€é£é‡‡å±•ç¤ºå¤§èµ›ï¼Œé‚€æ‚¨showå‡ºæ–‡æ—…ç²¾å½©â†’,http://mp.weixin.qq.com/s?__biz=MjM5OTgwOTQ2NQ==&mid=2650859509&idx=2&sn=3358c52605697484fb969631848cea6c&chksm=bcc19f238bb616353d8f11688366d44343e2c41855e0dfa805b04c2077b2b538265c387d3b91#rd,2025-05-12 11:40:02
61,ç‰µå¦ˆå¦ˆçš„æ‰‹æ¼«æ¸¸ä½›å±±ï¼Œèµ´ä¸€åœºå²­å—æµªæ¼«ä¹‹çº¦å§ï¼,http://mp.weixin.qq.com/s?__biz=MjM5OTgwOTQ2NQ==&mid=2650859478&idx=1&sn=d928b102bb0e8a36da54073a15e064a0&chksm=bcc19f008bb616163af00567c234b7f9434a7660eb7bb9346cc2ba6d16a785b02e2d02c60d40#rd,2025-05-11 08:33:15
62,æœ¬å‘¨æœ«ï¼Œä½›å±±ç»§ç»­å—¨å”±ï¼ä¹è§æ½®å‘éŸ³ä¹å˜‰å¹´åå…¨æ”»ç•¥ğŸ¤Ÿ,http://mp.weixin.qq.com/s?__biz=MjM5OTgwOTQ2NQ==&mid=2650859477&idx=1&sn=02e2a7161c8b2c45daff0ca4a15ce897&chksm=bcc19f038bb616155dd7ca6932df2e8d5440be8315c1f1906eb9c0eaace9ff0fe0d1e4f6a4bb#rd,2025-05-10 10:36:12
63,è§£é”æ–°ç©æ³•ï¼Œâ€œåˆ›è‰ºæ‹¾å…‰â€è‰ºæœ¯ç¤¾åŒºå¯å¹•,http://mp.weixin.qq.com/s?__biz=MjM5OTgwOTQ2NQ==&mid=2650859477&idx=2&sn=4274f6ff28287e89d959b72b3263237b&chksm=bcc19f038bb61615c9f7dfc2fd1021262cde8665b869b89be1f60c0108c797befb431e97f82b#rd,2025-05-10 10:36:12
64,ç²¤æ¸¯æ¾³å¤§æ¹¾åŒºé¦–éƒ¨ï¼ä½›å±±åŸåˆ›éŸ³ä¹å‰§ã€Šè®©ä¸–ç•Œçœ‹è§ã€‹ å±•ç°ä¸­å›½åˆ¶é€ çš„æµªæ¼«åº•è‰²,http://mp.weixin.qq.com/s?__biz=MjM5OTgwOTQ2NQ==&mid=2650859377&idx=1&sn=256e89afeae6360e535913ee30618adf&chksm=bcc19fa78bb616b1fae4b804e8cfa1d6f1e1d0055999971bd100ba2ac59cc6963ba760616331#rd,2025-05-09 17:13:16
65,5æœˆæ¥ä½›å±±çœ‹å±•ï¼è¶…å¤šç²¾å½©â€œè‰ºâ€èµ·çœ‹â†’,http://mp.weixin.qq.com/s?__biz=MjM5OTgwOTQ2NQ==&mid=2650859377&idx=2&sn=b8bdeb32bd9c7e79c711f7cdca607f3f&chksm=bcc19fa78bb616b1e2c9f1c24b125672e7a7c5e162fcf7efcf8f80e471a8ebfee1a94fc905a8#rd,2025-05-09 17:13:16
66,å€’è®¡æ—¶3å¤©ï¼é¦–å±Šä½›å±±â€œå››å±±ä¸¤æ±Ÿâ€é£é‡‡å±•ç¤ºå¤§èµ›æŠ¥åå³å°†æˆªæ­¢,http://mp.weixin.qq.com/s?__biz=MjM5OTgwOTQ2NQ==&mid=2650859209&idx=1&sn=f2d7531a8753bd884c61e58ba453ab94&chksm=bcc19e1f8bb61709120122dc97507254fa39627108a34c93a07e559dcf3d910c1c87df1e460c#rd,2025-05-08 17:26:49
67,ä½›å±±å¿…æ‰“å¡è·¯çº¿ï¼ç»ç¾è½æ—¥+å½±è§†åŒæ¬¾+å·¨å‹é£ç­å…¨getï¼,http://mp.weixin.qq.com/s?__biz=MjM5OTgwOTQ2NQ==&mid=2650859209&idx=2&sn=3b76dc7d4f2e003074c563bce4f88819&chksm=bcc19e1f8bb61709a9471a6a82c778bc7d94f09c3a8da7caf89115350d66b6a5957435130184#rd,2025-05-08 17:26:49
68,éŸ³ä¹ä¸ºä¼´ï¼Œçƒ›å…‰ä¸ºèˆï¼å¥½è±åç”µå½±é‡‘æ›²çƒ›å…‰éŸ³ä¹æ¥äº†ä¸¨è§‚æ¼”ç¦åˆ©,http://mp.weixin.qq.com/s?__biz=MjM5OTgwOTQ2NQ==&mid=2650859035&idx=1&sn=52ef5059f8263726bc8b52f910cf0781&chksm=bcc19ecd8bb617db5f482f600c74146ae729484447445093ad87c53aacfdd99a3f1d7be56fad#rd,2025-05-07 19:47:30
69,ä¹˜åœ°é“å‡ºå‘ï¼æ¼«æ¸¸åŸå¸‚ç»¿å»Šï¼Œå¼€å¯ç”Ÿæ€å¥åº·ä¹‹æ—…ï¼,http://mp.weixin.qq.com/s?__biz=MjM5OTgwOTQ2NQ==&mid=2650859035&idx=2&sn=6f522442c5e76caab2352171779b699d&chksm=bcc19ecd8bb617dbb63012b45f7165cb05bd66e9a376a73a2004dffb6802e72a3ffbd3689d48#rd,2025-05-07 19:47:30
70,ä¸ºä¸€åœºæ¼”å‡ºèµ´ä¸€åº§åŸï¼è¶…278ä¸‡äººæ¬¡æ‰“å¡æ™¯åŒºï¼ä½›å±±â€œäº”ä¸€â€çƒ­åº¦çˆ†è¡¨,http://mp.weixin.qq.com/s?__biz=MjM5OTgwOTQ2NQ==&mid=2650858716&idx=1&sn=2662d6e8dc46cfa4888e102b829b4d81&chksm=bcc19c0a8bb6151cfbd95d13e79aee7124efc06e56d91139d3d8268e31defc2e0a89007af72b#rd,2025-05-06 16:48:45
71,äº”æœˆï¼Œæ¥ä½›å±±å¤æ‘æ„Ÿå—å²­å—çƒŸç«ğŸª,http://mp.weixin.qq.com/s?__biz=MjM5OTgwOTQ2NQ==&mid=2650858716&idx=2&sn=c3e6ce62f0a6157fee6f7ccf63c0683c&chksm=bcc19c0a8bb6151c4c32ed0f19d751d790382f76a4a1232ba78d25fe1c6aa0610a96aaa3ad9c#rd,2025-05-06 16:48:45
72,ä½›å±± â€œäº”ä¸€â€ é™å®šï¼è‡ªç„¶å±±æ°´ä¸è‰ºæœ¯é£æƒ…çº¿ï¼Œè—ç€æµªæ¼«ä¸æƒŠå–œï¼,http://mp.weixin.qq.com/s?__biz=MjM5OTgwOTQ2NQ==&mid=2650858591&idx=1&sn=048eccd30176d13cec72f67e40ae4e30&chksm=bcc19c898bb6159fa42c926e659073d466786af3d6b00035b6734c7b90c71e25d0ae4188c745#rd,2025-05-05 09:01:41
73,è·Ÿç€è¿™ç¯‡æ”»ç•¥èµ°ï¼Œè§£é”ä½›å±±å¤ä»Šäº¤èçš„Nç§ç©æ³•ï¼â€‹,http://mp.weixin.qq.com/s?__biz=MjM5OTgwOTQ2NQ==&mid=2650858518&idx=1&sn=f29b6080d170b8a6273858690e7e8657&chksm=bcc19cc08bb615d6c77dfcc80a6e6f719a000a06309a9f25ddbe827b167c9723a0a890cd952c#rd,2025-05-04 11:03:27
74,æ¸…å‡‰ä¸€â€œå¤â€ï¼å°æ¸¸è¯·ä½ å»æ°´ä¸Šä¹å›­ç©ğŸ¥³,http://mp.weixin.qq.com/s?__biz=MjM5OTgwOTQ2NQ==&mid=2650858409&idx=1&sn=804dd61e8be1998c0c11a8677a9c8acf&chksm=bcc19b7f8bb61269fdd90a38a722ffe61eebe6f8886d643069425ccb4bbcac4821273edc06d1#rd,2025-05-03 10:20:23
75,è§£é”ä½›å±±éé—æ–°ç©æ³•ï¼Œå°±èµ°è¿™æ¡çº¿è·¯ï¼,http://mp.weixin.qq.com/s?__biz=MjM5OTgwOTQ2NQ==&mid=2650858409&idx=2&sn=307011ff53c1a391e8ba7835ba46dfd1&chksm=bcc19b7f8bb6126948fb4033833afc79de204acdf6a21ae58d3ccfb9b752f598dc3dc383760a#rd,2025-05-03 10:20:23
76,10ä¸‡ç°é‡‘å¤§å¥–ï¼éšæ‰‹ä¸€æ‹ï¼Œå³å¯å‚ä¸ï¼,http://mp.weixin.qq.com/s?__biz=MjM5OTgwOTQ2NQ==&mid=2650858409&idx=3&sn=89462b0488f1f0e23a87f28decc409fc&chksm=bcc19b7f8bb61269b2c9749aa8d7bdd2590c78690528985c0399c720b265d092a63356b803af#rd,2025-05-03 10:20:23
77,éŸ³ä¹è¿·å¿…çœ‹ï¼å‡­æ¼”å‡ºé—¨ç¥¨ï¼Œäº«ä½›å±±å¤šæ ·ç¦åˆ©ï¼,http://mp.weixin.qq.com/s?__biz=MjM5OTgwOTQ2NQ==&mid=2650858376&idx=1&sn=056cfd1364dd029e45e47a3dcf495ebc&chksm=bcc19b5e8bb61248f23c58b9fb4c7b963913e775e3181047a12b5355d3a1f6c4981406c2fe74#rd,2025-05-02 09:02:29
78,æ”¶å¥½è¿™ä»½ä½›å±±ç•…ç©åœ°å›¾ï¼ä½›å±±äº”ä¸€â€œå® ç²‰â€ä¸“çº¿æ‰¿åŒ…ä½ å‡æœŸå¿«ä¹,http://mp.weixin.qq.com/s?__biz=MjM5OTgwOTQ2NQ==&mid=2650858376&idx=2&sn=8fbae26ec40d400d28647c35d10c91a4&chksm=bcc19b5e8bb61248434567837e59c166f13da898e58e1a27cc2b37aae5984fbab801ae830514#rd,2025-05-02 09:02:29
79,æ¥ä½›å±±é€›åƒï¼ã€Œåœ°é“ç¾é£Ÿæ¸¸ç©ä¸“çº¿ã€æ‰¿åŒ…ä½ çš„èƒƒ,http://mp.weixin.qq.com/s?__biz=MjM5OTgwOTQ2NQ==&mid=2650858192&idx=1&sn=12443f9cf0f747185ecfb44ca1787606&chksm=bcc19a068bb61310211b43678052c5cc688d86eea3f1e78c1087d37b400a25cc59c5a53415ac#rd,2025-05-01 09:44:07
80,å–œæ´‹æ´‹ä¹èèæ¸¸å¹¿ä¸œä¹‹ä½›å±±ç«™å¯åŠ¨ï¼šâ€œè·Ÿç€é¾™èˆŸå»æ—…è¡Œâ€ï¼Œäº”ä¸€æ–‡æ—…ç››å®´æ¥è¢­,http://mp.weixin.qq.com/s?__biz=MjM5OTgwOTQ2NQ==&mid=2650858192&idx=2&sn=831c0cdf3699f80eac61c055788bf3b9&chksm=bcc19a068bb61310656104783f502cbf6d22602c5cfa00fac57509fafb7b5b7062ed21891faa#rd,2025-05-01 09:44:07
81,ä½›å±±â€œäº”ä¸€â€æœ€å…¨é¾™èˆŸèµ›æ”»ç•¥ï¼Œéœ¸ä½è¶æ—©ï¼,http://mp.weixin.qq.com/s?__biz=MjM5OTgwOTQ2NQ==&mid=2650857999&idx=1&sn=a962c03cf678948ebb77247f027a3efb&chksm=bcc19ad98bb613cf9f11a88dfad72e1d8d1c4b874c5dedbf30a939e1dd19537ae1041fb83024#rd,2025-04-30 19:16:11
82,å•¤é…’ç”µéŸ³èŠ‚ã€ç™»å±±èŠ‚ã€æ¼‚æµèŠ‚â€¦â€¦äº”ä¸€å‡æœŸï¼Œä½›å±±é«˜æ˜å¸¦ä½ â€œæµªâ€å‡ºæ–°èŠ±YOUNGï¼,http://mp.weixin.qq.com/s?__biz=MjM5OTgwOTQ2NQ==&mid=2650857999&idx=2&sn=6e26ebc6a44ab430eff841aaeab9205b&chksm=bcc19ad98bb613cfd13bf97f117a6a41a2827bb6e79941f038fcdb4e62ae706dde04c71b8fa0#rd,2025-04-30 19:16:11
83,400é¡¹æ–‡æ—…æ´»åŠ¨ï¼500ä¸‡æ¶ˆè´¹ç¦åˆ©ï¼äº”ä¸€æ¥ä½›å±±å¼€å¯â€œå—å® â€ä¹‹æ—…,http://mp.weixin.qq.com/s?__biz=MjM5OTgwOTQ2NQ==&mid=2650857844&idx=1&sn=1bfbd4686c1590b9cf67e161f92acff9&chksm=bcc199a28bb610b435c500a583732bb970f1bf6cb217881a3859843f563d2266a15da4e7bfab#rd,2025-04-29 18:13:39
84,â€œäº”ä¸€â€å‡æœŸå°†è‡³ï¼Œå‡ºæ¸¸å°è´´å£«è¯·æ”¶å¥½ï¼,http://mp.weixin.qq.com/s?__biz=MjM5OTgwOTQ2NQ==&mid=2650857844&idx=2&sn=90f309454dcc35078ceecd6ab227038f&chksm=bcc199a28bb610b4cc02b95e76602531fd0ad92db1a60a361b943e67f7174d63e8fddefc74fe#rd,2025-04-29 18:13:39
85,äº”ä¸€æ¸¸ä½›å±±ï¼æ´»åŠ¨æ”»ç•¥å…¨å‰§é€ï¼Œé™„é—¨ç¥¨ä¼˜æƒ â†’,http://mp.weixin.qq.com/s?__biz=MjM5OTgwOTQ2NQ==&mid=2650857722&idx=1&sn=5dcf7e8b4a9f5867e2c4c77e39b49a4e&chksm=bcc1982c8bb6113ac8b6d4f0079713a1a56a20f53026b594f0bd4dc98aa2aa86c3a9dfadcb38#rd,2025-04-28 18:42:47
86,ä¸€å¼ é—¨ç¥¨æƒ æ¸¸ä½›å±±ï¼@åæ™¨å®‡ã€é“¶æ²³å·¦å²¸éŸ³ä¹èŠ‚æ­Œè¿·ï¼Œç¦åˆ©åˆ«é”™è¿‡ï¼,http://mp.weixin.qq.com/s?__biz=MjM5OTgwOTQ2NQ==&mid=2650857722&idx=2&sn=ca7ad16e912b7fcf977841f0cf51dccb&chksm=bcc1982c8bb6113a54884fdc3fad0fcfad1a2bace42834f38ff99c9013e677b2dc31d91bbc74#rd,2025-04-28 18:42:47
87,ç©è½¬äº”ä¸€å°±çœ‹è¿™ç¯‡ï¼ä½›å±±è¿™é‡Œâ€œæ¨µâ€å¥½ç©â†’,http://mp.weixin.qq.com/s?__biz=MjM5OTgwOTQ2NQ==&mid=2650857590&idx=1&sn=28c7854fcf25d556129925876219a842&chksm=bcc198a08bb611b615e04fe4854391040962820bd7f3e21a521138694b8270eddb8fdf74d08c#rd,2025-04-27 18:42:55
88,äº”ä¸€å‡æœŸï¼Œæ¥ä½›å±±â€œæç‚¹è‰ºæœ¯â€ï¼,http://mp.weixin.qq.com/s?__biz=MjM5OTgwOTQ2NQ==&mid=2650857590&idx=2&sn=5ce0c1a44893bb8fcdc95977e7e9a5ca&chksm=bcc198a08bb611b63183ccdd7dfc32b813b11c7d8be456d87871a6e98c3f00124a35fb836e43#rd,2025-04-27 18:42:55
89,æ‹¿èµ·ç›¸æœºï¼Œåœ¨ä½›å±±æœ€ç¾å…¬å›­â€œæ‰¾æ˜¥å¤©â€ï¼,http://mp.weixin.qq.com/s?__biz=MjM5OTgwOTQ2NQ==&mid=2650857410&idx=1&sn=72f515acb2bc84095a4b1ee6f8b4e34f&chksm=bcc1a7148bb62e02807282f52c61fc000c0e0bfb330f3587b1f5d45010a2560aaff69e45415c#rd,2025-04-26 10:58:08
90,çŸ¥è¯†äº§æƒä¿æŠ¤ï¼Œä½ æˆ‘å…±åŒå‚ä¸ï¼,http://mp.weixin.qq.com/s?__biz=MjM5OTgwOTQ2NQ==&mid=2650857410&idx=2&sn=953850666ad7211d993b17d442c38a4c&chksm=bcc1a7148bb62e02b236c26ca85d3e3e07d13968b58e01018d664c3cd748bc87d579cb5ca7fe#rd,2025-04-26 10:58:08
91,20å¼ é—¨ç¥¨å…è´¹é€ï¼åŸåˆ›æ­Œèˆå‰§ã€Šå¢¨è„±æƒ…ã€‹æ¥ä½›å±±äº†,http://mp.weixin.qq.com/s?__biz=MjM5OTgwOTQ2NQ==&mid=2650857348&idx=1&sn=9c9923cfad10d9a8311be1f751ed81f6&chksm=bcc1a7528bb62e448c50bd411c29a3e3c4081458bcb1686171629523542ab53e8130e1225f8d#rd,2025-04-25 19:07:31
92,æ–‡æ—…ç²¾å“é•‡æ‘é¢œå€¼å¤§PKï¼é¦–å±Šä½›å±±â€œå››å±±ä¸¤æ±Ÿâ€é£é‡‡å±•ç¤ºå¤§èµ›å¯åŠ¨,http://mp.weixin.qq.com/s?__biz=MjM5OTgwOTQ2NQ==&mid=2650857348&idx=2&sn=03e5df99e0f5c28c86b3fa5a27491dac&chksm=bcc1a7528bb62e44dd3467c6061617b2dab83be34c88fb9bb35ac3e009d92dc23949ec67fd87#rd,2025-04-25 19:07:31
93,è¿™ä¸ªäº”ä¸€ï¼Œæˆ‘ä»¬åœ¨ä½›å±±â€œé¡¶å³°ç›¸è§â€,http://mp.weixin.qq.com/s?__biz=MjM5OTgwOTQ2NQ==&mid=2650857213&idx=1&sn=2ba75bab007ea453cfb25ee2c1ed0c3f&chksm=bcc1a62b8bb62f3dbf94c1db2b9287ab43ce8207ade64941c086a4ca1c8fbd78888d31cf6572#rd,2025-04-24 16:26:30
94,ä½›å±±éé—å¤§ç”µå½±ã€Šç‡ƒçƒ§çš„ç•ªå¡”ã€‹é—ªè€€åŒ—äº¬å›½é™…ç”µå½±èŠ‚,http://mp.weixin.qq.com/s?__biz=MjM5OTgwOTQ2NQ==&mid=2650857213&idx=2&sn=d904ec0e7e123901c1e465f31d35846d&chksm=bcc1a62b8bb62f3dc6d28ed8cd298ef0946b735f87943e844b45710478ababca153b9b0eaee4#rd,2025-04-24 16:26:30
95,å…è´¹æ‰“å¡ä½›å±±é«˜é¢œå€¼ç©ºé—´ï¼æ¥æ²‰æµ¸å¼â€œå……ç”µâ€,http://mp.weixin.qq.com/s?__biz=MjM5OTgwOTQ2NQ==&mid=2650857134&idx=1&sn=9b2c981126815ecb2e62018c0dcee919&chksm=bcc1a6788bb62f6e83d7da52c556f0d6717c4a0f161382b167dd9fbfd9140f31dce881b8c880#rd,2025-04-23 17:24:14
96,ä¸Šäº†å¤®è§†ç›´æ’­çš„æ—…è¡Œæ”»ç•¥æ¥å•¦ï¼å°æ’’å¬äº†éƒ½è¯´èµğŸ¥°,http://mp.weixin.qq.com/s?__biz=MjM5OTgwOTQ2NQ==&mid=2650857134&idx=2&sn=6cb6fe6e39640cbaa74fe63f4258dff8&chksm=bcc1a6788bb62f6ea468fe39190d19f2e4cdcbb2c10b0f66c35c437fbbb5a08a8f77545fe4e3#rd,2025-04-23 17:24:14
97,æ½®ç©åœ°æ ‡ã€éŸ³ä¹liveâ€¦â€¦â€œäº”ä¸€â€æ¥ä½›å±±å°½æƒ…â€œæ’’æ¬¢â€ğŸ¤©ä¸¨é€ç¦åˆ©,http://mp.weixin.qq.com/s?__biz=MjM5OTgwOTQ2NQ==&mid=2650857024&idx=1&sn=edbdbdfcc68b837c5b933075689ef7fe&chksm=bcc1a6968bb62f809bca010efc8be7cace067f83972f329dd8c790faf12fd2088600a2c281a0#rd,2025-04-22 18:31:03
98,ç¦åˆ©è¶…å¤šï¼è´µå·é»”ä¸œå—å‡ºå°æ—…æ¸¸å¥–åŠ±æ–°æ”¿,http://mp.weixin.qq.com/s?__biz=MjM5OTgwOTQ2NQ==&mid=2650857024&idx=2&sn=fd3e63e98e4b7250efa0b688d027e3b8&chksm=bcc1a6968bb62f80deb94ed38cc7c84319eaf4e843ca09a953a45c675bb60a095153022930d3#rd,2025-04-22 18:31:03
99,ğŸŒ¿æ”¶è—è¿™ç¯‡ï¼åœ¨ä½›å±±è¿™ä¸ªå°é•‡ï¼ŒæŠŠå¤æ—¥æ‹æˆæ¼«ç”»,http://mp.weixin.qq.com/s?__biz=MjM5OTgwOTQ2NQ==&mid=2650856904&idx=1&sn=0bb6198d89d4b1b239aa37cd5ffd5a00&chksm=bcc1a51e8bb62c08eba07ecefe9b27dfce19bc65ca3b14fc82ff41f60886faf6515efd8c35ab#rd,2025-04-21 16:22:59
100,æ’’è´å®ç°èº«ä½›å±±ï¼å¹ç¾é£Ÿã€å­¦åŠŸå¤«ã€æ‰’é¾™èˆ¹â€¦â€¦,http://mp.weixin.qq.com/s?__biz=MjM5OTgwOTQ2NQ==&mid=2650856904&idx=2&sn=b24c15964bf63294034bf4f191fdc189&chksm=bcc1a51e8bb62c08d9a80c677e99dab3b00d68edcba9d7c16d86f5abb684dade45671ec43588#rd,2025-04-21 16:22:59
